sheets_name,sheets_id,sheets_file
НОТЫ: Roxette - Listen To Your Heart (Piano Cover),4430448,Listen To Your Heart ().pdf
"НОТЫ: ""Вояджер 1"" - Noize MC (Piano Cover)",4389760,Вояджер ().pdf
НОТЫ: The Beatles- Yesterday (PIANO COVER),4364072,Yesterday ().pdf
"НОТЫ: ""Потерянный рай"" - АРИЯ (Piano Cover)",4247431,ПОТЕРЯННЫЙ РАЙ ().pdf
"НОТЫ: ""На моей луне"" - Мёртвые дельфины - Piano Cover",4163581,НА МОЕЙ ЛУНЕ ().pdf
"НОТЫ: ""Сирота Казанская"" - ЛЮБЭ (piano cover)",4124548,Сирота Казанская ().pdf
"НОТЫ: ""Письмо из Трансильвании"" КняZz - piano cover",4116980,Письмо из Трансильвании ().pdf
НОТЫ: LINKIN PARK– Roads Untraveled (PIANO COVER),3909881,ROADS UNTRAVELED().pdf
"НОТЫ: ""Мария"" - Король и Шут (Piano Cover)",3906305,Мария ().pdf
"НОТЫ: ""РОМ"" Король и Шут (Piano Cover)",3889798,РОМ().pdf
НОТЫ: Serj Tankian - Sky Is Over (Piano Cover),3882911,Sky_Is_Over().pdf
НОТЫ: Sailor Moon Sailor Stars - Golden Queen Galaxia ep.199 (PIANO COVER),3882860,Golden_Queen_Galaxia().pdf
"НОТЫ: КИНО - ""Печаль"" (Piano Cover)",3876329,ПЕЧАЛЬ ().pdf
НОТЫ: ДДТ - Новая жизнь (Piano Cover),3767904,новая жизнь с обложкой.pdf
"НОТЫ: ""Любимая моя"" - Вячеслав Быков",3732539,Любимая моя с обложкой.pdf
"НОТЫ: Крематорий - ""Мусорный ветер"" (Piano Cover)",3722205,Мусорный ветер с обложкой.pdf
"НОТЫ: Чиж & Co - ""О любви"" (PIANO COVER)",3707339,о любви ().pdf
"НОТЫ: Музыка из к/ф ""Мэри Поппинс, до свидания"" (Piano Cover)",3698206,Ветер перемен ().pdf
НОТЫ: Limp Bizkit - Behind Blue Eyes (Piano Cover),3695551,Behind Blue Eyes ().pdf
"НОТЫ: Наутилус Помпилиус - ""ЗВЕРЬ"" (Piano Cover)",3682702,ЗВЕРЬ с обложкой.pdf
"СПЛИН - ""Выхода нет"" (piano cover)",3662506,ВЫХОДА НЕТ  ().pdf
НОТЫ: Nautilus Pompilius - Последнее письмо (Piano Cover),3635547,Последнее письмо с обложкой.pdf
"НОТЫ: МАЧЕТЕ - ""Не расставайтесь"" (PIANO COVER)",3542122,не расставайтесь с обложкой.pdf
НОТЫ: Julio Iglesias - Natalie (PIANO COVER),3515890,Natalie  с обложкой.pdf
"НОТЫ: ДДТ - ""Метель"" (Piano cover)",3487151,Метель.pdf
"НОТЫ: АРИЯ - ""Возьми моё сердце"" (Piano Cover)",3444855,Возьми моё сердце.pdf
НОТЫ: Muse - Unintended,3377997,Unintended ().pdf
"НОТЫ: Земфира - ""Жить в твоей голове"" (Piano cover)",3318516,жить в твоей голове с обложкой.pdf
"Ноты: ""Ой, то не вечер (piano cover)",3306627,"Ой, то не вечер ().pdf"
НОТЫ: THE HATTERS - ЗИМА (Piano Cover),3303215,Зима (2).pdf
НОТЫ: Guns N' Roses - This I Love (PIANO COVER),3285566,Guns N' Roses - This I Love.pdf
НОТЫ: Мельница - Двери Тамерлана (PIANO COVER),3212731,Двери Тамерлана (2).pdf
НОТЫ: Король и Шут - КОДА - (Piano Cover),3112152,КОДА().pdf
"НОТЫ: Ляпис Трубецкой - ""ОГОНЬКИ"" (PIANO COVER)",2977083,ОГОНЬКИ ().pdf
НОТЫ: ЛИНДА - Мало огня - (PIANO COVER),2961354,МАЛО ОГНЯ ().pdf
НОТЫ: Homas Grase – The Rain Song (PIANO),2773230,The Rain Song ().pdf
"НОТЫ на кавер: ""В последниюю осень"" ДДТ",2689305,В последнюю осень ().pdf
"НОТЫ: Наутилус Помпилиус ""Прогулки по воде""",2483884,Прогулки по воде ().pdf
НОТЫ: Daft Punk - Within,2444012,Daft Pank Within.pdf
"НОТЫ на пиано кавер: Gorky Park - ""Stranger"" (PIANO COVER)",2366485,Stranger ().pdf
НОТЫ на пиано кавер: Daft Punk ft. Julian Casablancas - Instant Crush,2366483,Instant Crush().pdf
"НОТЫ: ЛЮБЭ ""Младшая сестрёнка"" (Piano Cover)",2338288,младшая сестрёнка ().pdf
НОТЫ: Gorky Park - Try To Find Me (PIANO COVER),2180336,TRY TO FIND ME ().pdf
НОТЫ: Gorky Park - Two Candles (PIANO COVER),2180056,две свечи ().pdf
НОТЫ: System Of A Down - Aerials (PIANO COVER),2061362,AERIALS ().pdf
"НОТЫ: Король и Шут ""Камнем по голове""",2020199,КАМНЕМ ПО ГОЛОВЕ ().pdf
НОТЫ: Linkin Park - Breaking The Habit,1867126,Breaking The Habit  ().pdf
"НОТЫ: КИНО - ""Кончится лето""",1863012,Кончится лето ().pdf
"НОТЫ: Король и Шут ""Ведьма и Осёл""",1842373,ВЕДЬМА И ОСЁЛ ().pdf
"НОТЫ: Агата Кристи - ""Сказочная тайга"" (Piano cover)",1778580,сказочная тайга().pdf
НОТЫ: Кровь за кровь (АРИЯ),1756321,КРОВЬ ЗА КРОВЬ ().pdf
"НОТЫ: ""Штиль"" АРИЯ",1672829,ШТИЛЬ ().pdf
НОТЫ: System Of A Down - Chop Suey!,1668813,Chop_Suey().pdf
"НОТЫ: ""Конь"" группа ЛЮБЭ",1660291,КОНЬ ().pdf
"НОТЫ: ""Медведь"" - Король и Шут",1660289,МЕДВЕДЬ ().pdf
"НОТЫ: ""Нежность"" А.Пахмутова/Приключения электроников (piano cover)",1653257,НЕЖНОСТЬ (2).pdf
НОТЫ: Diary Of Dreams – The Valley (PIANO COVER),1633859,Diary_Of_Dreams.pdf
НОТЫ: МОСКВА - Монгол Шуудан (PIANO COVER),1599968,Москва ().pdf
"НОТЫ: Король и Шут - Разбежавшись, прыгну со скалы",1583856,"Разбежавшись, прыгну со скалы().pdf"
НОТЫ: Король и Шут - Проклятый старый дом,1520048,проклятый старый дом ().pdf
"НОТЫ: СПЛИН - ""Романс""",1497382,РОМАНС().pdf
"НОТЫ: System Of A Down - ""Lonely Day"" - PIANO COVER",1469769,LONELY DAY ().pdf
"НОТЫ: Пикник - Там, на самом краю земли",1463870,"Там, на самом краю земли ().pdf"
НОТЫ: Я свободен - Кипелов,1462371,Я свободен ().pdf
НОТЫ: Tony Igy - Astronomia - piano cover,1416879,ASTRONOMIA ().pdf
"НОТЫ: ""Наблюдатель"" - Король и Шут - piano cover",1412592,НАБЛЮДАТЕЛЬ ().pdf
"НОТЫ: Таривердиев - ""Песня о далекой Родине"" (PIANO COVER)",1394254,Песня о далёкой Родине ().pdf
"НОТЫ: Король и Шут - ""Тяни!"" (PIANO COVER)",1394249,Тяни! ().pdf
"НОТЫ: Вариация на музыку из к/ф ""Зверобой""",1392223,Зверобой ().pdf
НОТЫ: GREEN DAY - Wake_Me_Up_When_September_Ends - PIANO COVER,1392221,Wake_Me_Up_When_September_Ends ().pdf
НОТЫ: RAMMSTEIN- Mein Herz brennt - PIANO COVER,1392219,Mein Herz brennt (2).pdf
НОТЫ: ДОЖДЬ ДДТ,1363912,Дождь().pdf
"Ноты на пиано кавер ""Отражение"" Король и Шут",1298555,ОТРАЖЕНИЕ ().pdf
"НОТЫ: Кино ""Спокойная ночь""",1075939,Спокойная ночь ().pdf
"НОТЫ: ""ФОКУСНИК"" - Король и Шут (Piano Cover)",1050150,фокусник ().pdf
НОТЫ: Третье сентября,980382,3 сентября (2).pdf
НОТЫ: Городок,914331,ГОРОДОК ().pdf
"НОТЫ: Bye, bye, Berlin",847371,Bye_bye_Berlin ().pdf
"НОТЫ: Король и Шут ""Дурак и молния"" piano cover",824642,Дурак и молния ().pdf
"Ноты на пиано кавер: Музыка из к/ф ""Бандитский Петербург""- ""Встреча""",808406,Бандитский Петербург_Встреча(2).pdf
"Ноты на пиано кавер ""Воспоминания о былой любви"" Король и Шут by Saprina",806814,Воспоминания о былой любви ().pdf
"Ноты на пиано кавер ""Марионетки"" Король и Шут (Piano Cover)",798279,Марионетки().pdf
"Ноты на пиано кавер ""На краю"" Король и Шут by Saprina",791518,На краю (2).pdf
"Ноты на пиано кавер ""Падал прошлогодний снег""",668704,Падал прошлогодний снег ().pdf
"Ноты на пиано кавер ""OST Sherlock- The Game is On"" by Saprina",668703,OST Sherlock ().pdf
"Ноты на пиано кавер ""Мадам Жоржетт"" Киш by Saprina",226671,Korol_i_Shut_Madam_Zhorzhett_Piano_cover.pdf
"НОТЫ: ""Беспечный Ангел"" - Ария - (Piano Cover)",226668,беспечный ангел ().pdf
"НОТЫ: ""Танец злобного гения"" КиШ (Piano Cover)",226664,Танец злобного гения ().pdf
"Ноты на пиано кавер ""Забытые ботинки "" КиШ (Piano Cover)",226658,Забытые ботинки ().pdf
"Ноты на пиано кавер ""Кукла колдуна"" КиШ by Maria Saprina",206843,Кукла колдуна ().pdf
"Ноты на пиано кавер ""Счастье"" КиШ by Saprina",203983,СЧАСТЬЕ (2).pdf
Green Day - 21 Guns - (PIANO COVER ),4479997,Green Day - 21 Guns ().pdf
